[
    {
      "name": "Laticia Brainerd",
      "score": 94.75,
      "preferences": ["12345"]
    },
    {
      "name": "Jeffie Honaker",
      "score": 91.5,
      "preferences": ["99999"]
    },
    {
      "name": "Ivan Connolly",
      "score": 90.5,
      "preferences": ["12345"]
    },
    {
      "name": "Claudia Zingaro",
      "score": 83.5,
      "preferences": ["99999"]
    },
    {
      "name": "Floria Rozar",
      "score": 78.25,
      "preferences": ["99999+15"]
    },
    {
      "name": "Hyun Castleberry",
      "score": 73.3,
      "preferences": ["12345"]
    },
    {
      "name": "Leland Acheson",
      "score": 72,
      "preferences": ["12345"]
    }
  ]