{
    "ally_attack": 0,
    "ally_defence": 0,
    "bomb_radius": 0,
    "bow_durability": 0,
    "bribe_amount": 0,
    "bribe_radius": 0,
    "enemy_goal": 0,
    "invincibility_potion_duration": 0,
    "invisibility_potion_duration": 0,
    "mercenary_attack": 0,
    "mercenary_health": 0,
    "player_attack":  0,
    "player_health":  0,
    "shield_defence": 0,
    "shield_durability": 0,
    "spider_attack": 0,
    "spider_health": 0,
    "spider_spawn_rate": 0,
    "sword_attack": 0,
    "sword_durability": 0,
    "treasure_goal": 0,
    "zombie_attack": 0,
    "zombie_health": 0,
    "zombie_spawn_rate": 0
}
